section,tier,status,title,h1,last_updated,url,headings,final_url,error
appearance,core,200,Google,Enabling your ad network to work with translation-related Google Search features,,https://developers.google.com/search/docs/appearance/ad-network-and-translation?hl=en,Our approach | Convert the Google Translate URL to the original URL | Sample JavaScript code for decoding the hostname from a Google Translate URL | Reconstruct the URL | Test your code | Get support | Resources | Tools,https://developers.google.com/search/docs/appearance/ad-network-and-translation?hl=en,
appearance,core,200,Google,AI features and your website,,https://developers.google.com/search/docs/appearance/ai-features?hl=en,How AI features work in Search | How to appear in AI features | Technical requirements for appearing in AI features | SEO best practices | Measuring the performance of your site | Controlling your content in AI features in Search | Troubleshooting preview controls | Get support | Resources | Tools,https://developers.google.com/search/docs/appearance/ai-features?hl=en,
appearance,core,200,Google,Avoid intrusive interstitials and dialogs,,https://developers.google.com/search/docs/appearance/avoid-intrusive-interstitials?hl=en,Create unintrusive dialogs | Use banners instead of interstitials | Use common libraries | Avoid common mistakes | Mandatory interstitials | Get support | Resources | Tools,https://developers.google.com/search/docs/appearance/avoid-intrusive-interstitials?hl=en,
appearance,core,200,Google,Google Search's core updates and your website,,https://developers.google.com/search/docs/appearance/core-updates?hl=en,How core updates work | Check if there's a traffic drop in Search Console | Assessing a large drop in position | Things to keep in mind when making changes | How long does it take to see an effect in Search results | Get support | Resources | Tools,https://developers.google.com/search/docs/appearance/core-updates?hl=en,
appearance,core,200,Google,Understanding Core Web Vitals and Google search results,,https://developers.google.com/search/docs/appearance/core-web-vitals?hl=en,Core Web Vitals metrics | Optimizing your Core Web Vitals | Recent updates on our blog | Get support | Resources | Tools,https://developers.google.com/search/docs/appearance/core-web-vitals?hl=en,
appearance,core,200,Google,Enable Web Stories on Google,,https://developers.google.com/search/docs/appearance/enable-web-stories?hl=en,Feature availability | Create the Web Story | Make sure the Web Story is valid AMP | Verify metadata | Check if the Web Story is indexed | Get support | Resources | Tools,https://developers.google.com/search/docs/appearance/enable-web-stories?hl=en,
appearance,core,200,Google,Enriched search results,,https://developers.google.com/search/docs/appearance/enriched-search-results?hl=en,Implementing enriched search | Enriched search types | Enriched search quality guidelines | Get support | Resources | Tools,https://developers.google.com/search/docs/appearance/enriched-search-results?hl=en,
appearance,core,200,Google,Establish your business details with Google,,https://developers.google.com/search/docs/appearance/establish-business-details?hl=en,Claim your local business | Register your website with Search Console | Update your site's Google knowledge panel | Add structured data | Highlight your customer support methods | Troubleshooting | Get support | Resources | Tools,https://developers.google.com/search/docs/appearance/establish-business-details?hl=en,
appearance,core,200,An illustration that shows how favicon may look like in a search result.,Define a favicon to show in search results,,https://developers.google.com/search/docs/appearance/favicon-in-search?hl=en,Implementation | Guidelines | Submit feedback about favicons in search results | Get support | Resources | Tools,https://developers.google.com/search/docs/appearance/favicon-in-search?hl=en,
appearance,core,200,An illustration of a featured snippet in search results,Featured snippets and your website,,https://developers.google.com/search/docs/appearance/featured-snippets?hl=en,How can I opt out of featured snippets? | Block all snippets | Block featured snippets only | How can I mark my page as a featured snippet? | What happens when a user clicks a featured snippet? | Get support | Resources | Tools,https://developers.google.com/search/docs/appearance/featured-snippets?hl=en,
appearance,conditional,200,Google,Flexible Sampling general guidance,,https://developers.google.com/search/docs/appearance/flexible-sampling?hl=en,Metering | How much content? | Lead-in | Making Changes | How to indicate paywalled content | Get support | Resources | Tools,https://developers.google.com/search/docs/appearance/flexible-sampling?hl=en,
appearance,core,200,Google,Discover and your website,,https://developers.google.com/search/docs/appearance/google-discover?hl=en,How content appears in Discover | Why Discover traffic might change over time | Monitor your performance on Discover | Get support | Resources | Tools,https://developers.google.com/search/docs/appearance/google-discover?hl=en,
appearance,core,200,Google,Google image SEO best practices,,https://developers.google.com/search/docs/appearance/google-images?hl=en,"Help us discover and index your images | Use HTML image elements to embed images | Use an image sitemap | Responsive images | Use supported image formats | Optimize for speed and quality | Optimize the image landing pages | Specify a preferred image with metadata | Check your page title and description | Add structured data | Use descriptive filenames, titles, and alt text | Opt out of Google Images inline linking | Optimize for SafeSearch | Get support | Resources | Tools",https://developers.google.com/search/docs/appearance/google-images?hl=en,
appearance,conditional,200,Google,Package tracking Early Adopters Program,,https://developers.google.com/search/docs/appearance/package-tracking?hl=en,Feature availability | Availability and responsiveness | Content | Get support | Resources | Tools,https://developers.google.com/search/docs/appearance/package-tracking?hl=en,
appearance,core,200,Google,Understanding page experience in Google Search results,,https://developers.google.com/search/docs/appearance/page-experience?hl=en,"Self-assess your content's page experience | Page experience resources | FAQ | Is there a single ""page experience signal"" that Google Search uses for ranking? | What aspects of page experience are used in ranking? | Is page experience evaluated on a site-wide or page-specific basis? | How important is page experience to ranking success? | Recent updates on our blog | Get support | Resources | Tools",https://developers.google.com/search/docs/appearance/page-experience?hl=en,
appearance,core,200,Google,Help your readers find your site through preferred sources in Google Search,,https://developers.google.com/search/docs/appearance/preferred-sources?hl=en,Feature availability | How to help users find your site as a preferred source | Standard JavaScript implementation (recommended) | Advanced JavaScript implementation with custom design assets | Deeplink implementation | Get support | Resources | Tools,https://developers.google.com/search/docs/appearance/preferred-sources?hl=en,
appearance,core,200,"An illustration of a text result in Google Search, with a highlighted box around the byline date part",Influence your byline dates in Google Search,,https://developers.google.com/search/docs/appearance/publication-dates?hl=en,How to provide date information to Google | Best practices for influencing byline dates | Get support | Resources | Tools,https://developers.google.com/search/docs/appearance/publication-dates?hl=en,
appearance,core,200,Google,A guide to Google Search ranking systems,,https://developers.google.com/search/docs/appearance/ranking-systems-guide?hl=en,BERT | Crisis information systems | Deduplication systems | Exact match domain system | Freshness systems | Link analysis systems and PageRank | Local news systems | MUM | Neural matching | Original content systems | Removal-based demotion systems | Passage ranking system | RankBrain | Reliable information systems | Reviews system | Site diversity system | Spam detection systems | Retired systems | Helpful content system | Hummingbird | Panda system | Penguin system | Get support | Resources | Tools,https://developers.google.com/search/docs/appearance/ranking-systems-guide?hl=en,
appearance,core,200,Google,Google Search's reviews system and your website,,https://developers.google.com/search/docs/appearance/reviews-system?hl=en,How the reviews system works | What does this system mean for my site? | Get support | Resources | Tools,https://developers.google.com/search/docs/appearance/reviews-system?hl=en,
appearance,core,200,"An illustration of a text result in Google Search, with a highlighted box around the site name part",Provide a site name to Google Search,,https://developers.google.com/search/docs/appearance/site-names?hl=en,Feature availability | How site names in Google Search are created | Choosing your site name | How to add a site name with structured data | Follow the guidelines | Add required site name properties | Add an alternative site name | Test structured data | What to do if your preferred site name isn't selected | Get support | Resources | Tools,https://developers.google.com/search/docs/appearance/site-names?hl=en,
appearance,core,200,An illustration of sitelinks in Google Search,Sitelinks,,https://developers.google.com/search/docs/appearance/sitelinks?hl=en,Sitelinks best practices | Get support | Resources | Tools,https://developers.google.com/search/docs/appearance/sitelinks?hl=en,
appearance,core,200,"An illustration of a text result in Google Search, with a highlighted box around the snippet part",Control your snippets in search results,,https://developers.google.com/search/docs/appearance/snippet?hl=en,"How snippets are created | How to prevent snippets or adjust snippet length | Best practices for creating quality meta descriptions | Create unique descriptions for each page on your site | Include relevant information about the content in the description | Programmatically generate descriptions | Use quality descriptions | Best practices for ""Read more"" deep links in Google Search | Get support | Resources | Tools",https://developers.google.com/search/docs/appearance/snippet?hl=en,
appearance,core,200,Google,Google Search spam updates and your site,,https://developers.google.com/search/docs/appearance/spam-updates?hl=en,Get support | Resources | Tools,https://developers.google.com/search/docs/appearance/spam-updates?hl=en,
appearance,conditional,200,Google,"Article ( Article , NewsArticle , BlogPosting ) structured data",,https://developers.google.com/search/docs/appearance/structured-data/article?hl=en,Example | How to add structured data | Guidelines | Technical guidelines | Structured data type definitions | Article objects | Author markup best practices | Include all authors in the markup | Specifying multiple authors | Use additional fields | Only specify the author's name in the author.name property | Use the appropriate Type | Troubleshooting | Get support | Resources | Tools,https://developers.google.com/search/docs/appearance/structured-data/article?hl=en,
appearance,conditional,200,Google,Book actions ( Book ) structured data,,https://developers.google.com/search/docs/appearance/structured-data/book?hl=en,"Get started | Guidelines | Works and editions | Library systems and library members | ISBN and other supported identifiers | Links | Create your feed | Adhere to feed file size, quantity, and format requirements | Adhere to feed content requirements | Test your feed with the Data Feed validation tool | Host your feed file | Host methods | Submit your feed file for review | Update your feed as needed | Structured data type definitions | DataFeed entity | Book entity | Person or Organization ( author ) | PropertyValue (identifier) | Example ReadAction Book feed JSON file | Example BorrowAction Book feed JSON file | ReadAction ( potentialAction ) | BorrowAction ( potentialAction ) | Library entity | Example LibrarySystem feed JSON file | Get support | Resources | Tools",https://developers.google.com/search/docs/appearance/structured-data/book?hl=en,
appearance,conditional,200,Google,Breadcrumb ( BreadcrumbList ) structured data,,https://developers.google.com/search/docs/appearance/structured-data/breadcrumb?hl=en,Feature availability | How to add structured data | Examples | Single breadcrumb trail | JSON-LD | RDFa | Microdata | HTML | Multiple breadcrumb trail | Guidelines | Structured data type definitions | BreadcrumbList | ListItem | Monitor rich results with Search Console | After deploying structured data for the first time | After releasing new templates or updating your code | Analyzing traffic periodically | Troubleshooting | Get support | Resources | Tools,https://developers.google.com/search/docs/appearance/structured-data/breadcrumb?hl=en,
appearance,conditional,200,Google,Carousel ( ItemList ) structured data,,https://developers.google.com/search/docs/appearance/structured-data/carousel?hl=en,"Add structured data | Summary page and multiple detail pages | Single, all-in-one-page list | Guidelines | Validate and deploy structured data | Structured data type definitions | ItemList | ListItem | Troubleshooting | Get support | Resources | Tools",https://developers.google.com/search/docs/appearance/structured-data/carousel?hl=en,
appearance,conditional,200,Google,Structured data carousels (beta),,https://developers.google.com/search/docs/appearance/structured-data/carousels-beta?hl=en,"Feature availability | Add structured data | Guidelines | Examples | Structured data type definitions | ItemList | Common list item properties ( LocalBusiness , Product, or Event ) | Additional type-specific properties definitions | Examples for common scenarios | Restaurant example | Lodging ( Hotels and VacationRental ) example | Things to do example example | Product example | Troubleshooting | Get support | Resources | Tools",https://developers.google.com/search/docs/appearance/structured-data/carousels-beta?hl=en,
appearance,conditional,200,Google,Course list ( Course ) structured data,,https://developers.google.com/search/docs/appearance/structured-data/course?hl=en,"Feature availability | How to add structured data | Examples | Single course details page | Single, all-in-one page | Guidelines | Content guidelines | Technical guidelines | Structured data type definitions | Course | ItemList | Troubleshooting | Get support | Resources | Tools",https://developers.google.com/search/docs/appearance/structured-data/course?hl=en,
appearance,conditional,200,Google,"Dataset ( Dataset , DataCatalog , DataDownload ) structured data",,https://developers.google.com/search/docs/appearance/structured-data/dataset?hl=en,How to add structured data | Deleting a dataset from Dataset Search results | Our approach to dataset discovery | Examples | Guidelines | Sitemap best practices | Source and provenance best practices | Textual property recommendations | Known Errors and Warnings | Structured data type definitions | Dataset | DataCatalog | DataDownload | Tabular datasets | Monitor rich results with Search Console | After deploying structured data for the first time | After releasing new templates or updating your code | Analyzing traffic periodically | Troubleshooting | Specific dataset isn't showing up in Dataset Search results | Company logo is missing or not appearing correctly by results | Get support | Resources | Tools,https://developers.google.com/search/docs/appearance/structured-data/dataset?hl=en,
appearance,conditional,200,Google,Discussion forum ( DiscussionForumPosting ) structured data,,https://developers.google.com/search/docs/appearance/structured-data/discussion-forum?hl=en,How to use DiscussionForumPosting within a forum | How to add structured data | Examples | Guidelines | Content guidelines | Technical guidelines | Structured data type definitions | DiscussionForumPosting (or SocialMediaPosting ) | author | author.name | datePublished | author.url | headline | sharedContent | url | Comment | InteractionCounter | userInteractionCount | interactionType | Monitor rich results with Search Console | After deploying structured data for the first time | After releasing new templates or updating your code | Analyzing traffic periodically | Troubleshooting | Get support | Resources | Tools,https://developers.google.com/search/docs/appearance/structured-data/discussion-forum?hl=en,
appearance,conditional,200,Google,"Education Q&A ( Quiz , Question , and Answer ) structured data",,https://developers.google.com/search/docs/appearance/structured-data/education-qa?hl=en,Feature availability | How to add structured data | Examples | Guidelines | Technical guidelines | Content guidelines | Mark up educational standards | Structured data type definitions | Quiz | Question | Monitor rich results with Search Console | After deploying structured data for the first time | After releasing new templates or updating your code | Analyzing traffic periodically | Troubleshooting | Get support | Resources | Tools,https://developers.google.com/search/docs/appearance/structured-data/education-qa?hl=en,
appearance,conditional,200,Google,Employer aggregate rating ( EmployerAggregateRating ) structured data,,https://developers.google.com/search/docs/appearance/structured-data/employer-rating?hl=en,Example | How to add structured data | Guidelines | Technical guidelines | Content guidelines | Structured data type definitions | EmployerAggregateRating | Troubleshooting | Get support | Resources | Tools,https://developers.google.com/search/docs/appearance/structured-data/employer-rating?hl=en,
appearance,conditional,200,Google,Event ( Event ) structured data,,https://developers.google.com/search/docs/appearance/structured-data/event?hl=en,How to add structured data | Examples | Standard event | Event with an updated status | Region and language availability | Guidelines | Technical guidelines | Content guidelines | Date and time guidelines | Structured data type definitions | Monitor rich results with Search Console | After deploying structured data for the first time | After releasing new templates or updating your code | Analyzing traffic periodically | Troubleshooting | Event location is missing or incorrect | My site isn't showing up as an option for purchasing tickets | Time or date is incorrect | Get support | Resources | Tools,https://developers.google.com/search/docs/appearance/structured-data/event?hl=en,
appearance,conditional,200,Google,Fact check ( ClaimReview ) structured data,,https://developers.google.com/search/docs/appearance/structured-data/factcheck?hl=en,How to add structured data | Example | Eligibility guidelines | Technical guidelines | Structured data type definitions | ClaimReview | Claim | Rating | Monitor rich results with Search Console | After deploying structured data for the first time | After releasing new templates or updating your code | Analyzing traffic periodically | Troubleshooting | Get support | Resources | Tools,https://developers.google.com/search/docs/appearance/structured-data/factcheck?hl=en,
appearance,conditional,200,Google,Generate structured data with JavaScript,,https://developers.google.com/search/docs/appearance/structured-data/generate-structured-data-with-javascript?hl=en,Use Google Tag Manager to generate JSON-LD dynamically | Using variables in Google Tag Manager | Generate structured data with custom JavaScript | Using server-side rendering | Test your implementation | Get support | Resources | Tools,https://developers.google.com/search/docs/appearance/structured-data/generate-structured-data-with-javascript?hl=en,
appearance,conditional,200,Google,Image metadata in Google Images,,https://developers.google.com/search/docs/appearance/structured-data/image-license-metadata?hl=en,Feature availability | Prepare your web pages and images | Add structured data or IPTC photo metadata | Structured data | JSON-LD | RDFa | Microdata | IPTC photo metadata | How C2PA metadata can appear in Google Search results | Troubleshooting | Is it okay to remove image metadata? | Get support | Resources | Tools,https://developers.google.com/search/docs/appearance/structured-data/image-license-metadata?hl=en,
appearance,conditional,200,Google,Introduction to structured data markup in Google Search,,https://developers.google.com/search/docs/appearance/structured-data/intro-structured-data?hl=en,Why add structured data to a page? | How structured data works in Google Search | Structured data vocabulary and format | Supported formats | Structured data guidelines | Get started with structured data | Measuring the effect of structured data | Get support | Resources | Tools,https://developers.google.com/search/docs/appearance/structured-data/intro-structured-data?hl=en,
appearance,conditional,200,Google,Job posting ( JobPosting ) structured data for Job Search,,https://developers.google.com/search/docs/appearance/structured-data/job-posting?hl=en,How to add structured data | Examples | Standard job posting | Work from home job posting | Remove a job posting | Mark up work from home jobs | Update your company logo | Technical guidelines | Job posting content policies | Irrelevant content | Incomplete content | Misrepresentation | Profanity and vulgar language | Advertisements disguised as a job posting | Legal removal requests | Expired job postings | Jobs without a way to apply | Resume collection | Job requests | Payment required | Editorial content | Structured data type definitions | JobPosting | Education and experience properties (beta) | Troubleshooting | Structured data is on the wrong page | Content doesn't match the structured data | Expired jobs are still live | Apply option is missing | Logo is incorrect | Job location is missing or incorrect | Monitor rich results with Search Console | After deploying structured data for the first time | After releasing new templates or updating your code | Analyzing traffic periodically | Use custom UTM parameters in Google Analytics | Region availability | Get support | Resources | Tools,https://developers.google.com/search/docs/appearance/structured-data/job-posting?hl=en,
appearance,conditional,200,Google,Local business ( LocalBusiness ) structured data,,https://developers.google.com/search/docs/appearance/structured-data/local-business?hl=en,How to add structured data | Examples | Simple local business listing | Restaurant carousel (limited access) | Business hours | Multiple departments | Guidelines | Structured data type definitions | LocalBusiness | Troubleshooting | Get support | Resources | Tools,https://developers.google.com/search/docs/appearance/structured-data/local-business?hl=en,
appearance,conditional,200,Google,Loyalty program ( MemberProgram ) structured data,,https://developers.google.com/search/docs/appearance/structured-data/loyalty-program?hl=en,Feature availability | How to add structured data | Examples | Guidelines | Technical guidelines | Structured data type definitions | MemberProgram | Using Merchant Center to configure loyalty programs with Google | Troubleshooting | Get support | Resources | Tools,https://developers.google.com/search/docs/appearance/structured-data/loyalty-program?hl=en,
appearance,conditional,200,Google,Math solver ( MathSolver ) structured data,,https://developers.google.com/search/docs/appearance/structured-data/math-solvers?hl=en,How to add structured data | Examples | One solver action | Two solver actions | Guidelines | Technical Guidelines | Content guidelines | Structured data type definitions | MathSolver | LearningResource | Problem Type Definitions | Get support | Resources | Tools,https://developers.google.com/search/docs/appearance/structured-data/math-solvers?hl=en,
appearance,conditional,200,Google,"Merchant listing ( Product , Offer ) structured data",,https://developers.google.com/search/docs/appearance/structured-data/merchant-listing?hl=en,How to add structured data | Examples | Product page with an offer | Pricing | Active price | Sale pricing | Sale duration | Member prices | Pricing with unit pricing measures | Shipping details | Free shipping | Return details | Certifications | 3D model | Guidelines | Technical guidelines | Content guidelines | Structured data type definitions | Product information | Offer details | Shipping | Returns | Alternative approaches to configuring shipping and return settings with Google | Combining multiple shipping and return configurations | Monitor rich results with Search Console | After deploying structured data for the first time | After releasing new templates or updating your code | Analyzing traffic periodically | Troubleshooting | Get support | Resources | Tools,https://developers.google.com/search/docs/appearance/structured-data/merchant-listing?hl=en,
appearance,conditional,200,Google,Movie carousel ( Movie ) structured data,,https://developers.google.com/search/docs/appearance/structured-data/movie?hl=en,"How to add structured data | Examples | Summary page + multiple full details pages | Single, all-in-one-page list | Guidelines | Structured data type definitions | Movie | aggregateRating | review | Troubleshooting | Get support | Resources | Tools",https://developers.google.com/search/docs/appearance/structured-data/movie?hl=en,
appearance,conditional,200,Google,Organization ( Organization ) structured data,,https://developers.google.com/search/docs/appearance/structured-data/organization?hl=en,How to add structured data | Examples | Organization | OnlineStore (subtype of Organization ) with a shipping policy and return policy | Guidelines | Technical guidelines | Structured data type definitions | Troubleshooting | Get support | Resources | Tools,https://developers.google.com/search/docs/appearance/structured-data/organization?hl=en,
appearance,conditional,200,Google,Structured data for subscription and paywalled content ( CreativeWork ),,https://developers.google.com/search/docs/appearance/structured-data/paywalled-content?hl=en,Example | Guidelines | Add markup to paywalled content | Multiple paywalled sections | Supported types | AMP considerations | Generative AI in Search considerations | Make sure Google can crawl and index your pages | Control what information is shown in search results | Troubleshooting | Get support | Resources | Tools,https://developers.google.com/search/docs/appearance/structured-data/paywalled-content?hl=en,
appearance,conditional,200,Google,"Product snippet ( Product , Review , Offer ) structured data",,https://developers.google.com/search/docs/appearance/structured-data/product-snippet?hl=en,How to add structured data | Examples | Product review page | Pros and cons | Shopping aggregator page | Guidelines | Technical guidelines | Content guidelines | Structured data type definitions | Product | Product Reviews | Offer details | Monitor rich results with Search Console | After deploying structured data for the first time | After releasing new templates or updating your code | Analyzing traffic periodically | Troubleshooting | Get support | Resources | Tools,https://developers.google.com/search/docs/appearance/structured-data/product-snippet?hl=en,
appearance,conditional,200,Google,"Product variant structured data ( ProductGroup , Product )",,https://developers.google.com/search/docs/appearance/structured-data/product-variants?hl=en,How to add structured data | Examples | Single-page website | Multi-page website | Page 1: Light blue variants | Page 2: Green variant | Guidelines | Technical guidelines | Structured data type definitions | ProductGroup | Troubleshooting | Get support | Resources | Tools,https://developers.google.com/search/docs/appearance/structured-data/product-variants?hl=en,
appearance,conditional,200,Google,Introduction to Product structured data,,https://developers.google.com/search/docs/appearance/structured-data/product?hl=en,Deciding which markup to use | How shopping experiences can appear on Google Search | Result enhancements | Providing product data to Google Search | Get support | Resources | Tools,https://developers.google.com/search/docs/appearance/structured-data/product?hl=en,
appearance,conditional,200,Google,Profile page ( ProfilePage ) structured data,,https://developers.google.com/search/docs/appearance/structured-data/profile-page?hl=en,How to add structured data | Examples | Guidelines | Content guidelines | Technical guidelines | Structured data type definitions | ProfilePage | Person or Organization | Monitor rich results with Search Console | After deploying structured data for the first time | After releasing new templates or updating your code | Analyzing traffic periodically | Troubleshooting | Get support | Resources | Tools,https://developers.google.com/search/docs/appearance/structured-data/profile-page?hl=en,
appearance,conditional,200,Google,Q&A ( QAPage ) structured data,,https://developers.google.com/search/docs/appearance/structured-data/qapage?hl=en,How to add structured data | Examples | Guidelines | Content guidelines | Structured data type definitions | QAPage | mainEntity | Question | answerCount | acceptedAnswer | suggestedAnswer | name | author | author.url | text | upvoteCount | Answer | url | Comment | Monitor rich results with Search Console | After deploying structured data for the first time | After releasing new templates or updating your code | Analyzing traffic periodically | Troubleshooting | Get support | Resources | Tools,https://developers.google.com/search/docs/appearance/structured-data/qapage?hl=en,
appearance,conditional,200,Google,"Recipe ( Recipe , HowTo , ItemList ) structured data",,https://developers.google.com/search/docs/appearance/structured-data/recipe?hl=en,How to add structured data | Examples | Recipe on Search | Carousel | Guidelines | Structured data type definitions | Recipe | HowToSection | HowToStep | HowToDirection and HowToTip | ItemList | Monitor rich results with Search Console | After deploying structured data for the first time | After releasing new templates or updating your code | Analyzing traffic periodically | Troubleshooting | Get support | Resources | Tools,https://developers.google.com/search/docs/appearance/structured-data/recipe?hl=en,
appearance,conditional,200,Google,Merchant return policy ( MerchantReturnPolicy ) structured data,,https://developers.google.com/search/docs/appearance/structured-data/return-policy?hl=en,How to add structured data | Examples | Guidelines | Technical guidelines | Structured data type definitions | MerchantReturnPolicy (nested under Organization using the hasMerchantReturnPolicy property) | Alternative approach to configuring return settings with Google | Combining multiple return configurations | Troubleshooting | Get support | Resources | Tools,https://developers.google.com/search/docs/appearance/structured-data/return-policy?hl=en,
appearance,conditional,200,Google,"Review snippet ( Review , AggregateRating ) structured data",,https://developers.google.com/search/docs/appearance/structured-data/review-snippet?hl=en,How to add structured data | Examples | Simple review | JSON-LD | RDFa | Microdata | Nested review | Aggregate rating | Nested aggregate rating | Guidelines | Technical guidelines | Structured data type definitions | Review | AggregateRating | Monitor rich results with Search Console | After deploying structured data for the first time | After releasing new templates or updating your code | Analyzing traffic periodically | Troubleshooting | Get support | Resources | Tools,https://developers.google.com/search/docs/appearance/structured-data/review-snippet?hl=en,
appearance,conditional,200,Google,General structured data guidelines,,https://developers.google.com/search/docs/appearance/structured-data/sd-policies?hl=en,Technical guidelines | Format | Access | Quality guidelines | Content | Relevance | Completeness | Location | Specificity | Images | Multiple items on a page | Nesting | Individual items | Get support | Resources | Tools,https://developers.google.com/search/docs/appearance/structured-data/sd-policies?hl=en,
appearance,conditional,200,Google,Structured data markup that Google Search supports,,https://developers.google.com/search/docs/appearance/structured-data/search-gallery?hl=en,Get support | Resources | Tools,https://developers.google.com/search/docs/appearance/structured-data/search-gallery?hl=en,
appearance,conditional,200,Google,Merchant shipping policy ( ShippingService ) structured data,,https://developers.google.com/search/docs/appearance/structured-data/shipping-policy?hl=en,How to add structured data | Examples | Guidelines | Technical guidelines | Structured data type definitions | ShippingService (nested under Organization using the hasShippingService property) | ShippingConditions (nested under ShippingService using the shippingConditions property) | Alternative approach to configuring shipping settings with Google | Combining multiple shipping configurations | Troubleshooting | Get support | Resources | Tools,https://developers.google.com/search/docs/appearance/structured-data/shipping-policy?hl=en,
appearance,conditional,200,Google,Software app ( SoftwareApplication ) structured data,,https://developers.google.com/search/docs/appearance/structured-data/software-app?hl=en,How to add structured data | Examples | Guidelines | Structured data type definitions | SoftwareApplication | Extended properties for app subtypes | Troubleshooting | Get support | Resources | Tools,https://developers.google.com/search/docs/appearance/structured-data/software-app?hl=en,
appearance,conditional,200,Google,"Speakable ( Article , WebPage ) structured data (BETA)",,https://developers.google.com/search/docs/appearance/structured-data/speakable?hl=en,Example | Country and language availability | Getting started | Guidelines | Technical guidelines | Content guidelines | Structured data type definitions | Troubleshooting | Can't trigger content | More audio solutions | Get support | Resources | Tools,https://developers.google.com/search/docs/appearance/structured-data/speakable?hl=en,
appearance,conditional,200,Google,Vacation rental ( VacationRental ) structured data,,https://developers.google.com/search/docs/appearance/structured-data/vacation-rental?hl=en,Before You Begin | How to add structured data | Example | Eligibility guidelines | Structured data type definitions | VacationRental | Monitor rich results with Search Console | After deploying structured data for the first time | After releasing new templates or updating your code | Analyzing traffic periodically | Troubleshooting | Get support | Resources | Tools,https://developers.google.com/search/docs/appearance/structured-data/vacation-rental?hl=en,
appearance,conditional,200,Google,"Video ( VideoObject , Clip , BroadcastEvent ) structured data",,https://developers.google.com/search/docs/appearance/structured-data/video?hl=en,How to add structured data | Examples | Standard video result | LIVE badge | Clip | SeekToAction | Guidelines | LIVE badge guidelines | Best practices for marking timestamps on YouTube | Clip and SeekToAction guidelines | Structured data type definitions | VideoObject | BroadcastEvent | Monitor rich results with Search Console | After deploying structured data for the first time | After releasing new templates or updating your code | Analyzing traffic periodically | Troubleshooting | Get support | Resources | Tools,https://developers.google.com/search/docs/appearance/structured-data/video?hl=en,
appearance,core,200,"An illustration of a text result in Google Search, with a highlighted box around the title link part",Influencing your title links in search results,,https://developers.google.com/search/docs/appearance/title-link?hl=en,Best practices for influencing title links | How title links in Google Search are created | Common issues and how Google manages them | Half-empty <title> elements | Obsolete <title> elements | Inaccurate <title> elements | Micro-boilerplate text in <title> elements | No clear main title | Mismatch of writing system or language used in <title> elements | Duplication of the site name in the <title> element | Submitting feedback about title links | Get support | Resources | Tools,https://developers.google.com/search/docs/appearance/title-link?hl=en,
appearance,core,200,Google,Top Places List,,https://developers.google.com/search/docs/appearance/top-places-list?hl=en,Requirements for the listing site | Prevent your website's lists from appearing in a Top Places List feature | Get support | Resources | Tools,https://developers.google.com/search/docs/appearance/top-places-list?hl=en,
appearance,core,200,Google,Translated results in Google Search,,https://developers.google.com/search/docs/appearance/translated-results?hl=en,Feature availability | How translated results work | Monitor performance in Search Console | Opting in or out of translated results | Get support | Resources | Tools,https://developers.google.com/search/docs/appearance/translated-results?hl=en,
appearance,core,200,Google,Video SEO best practices,,https://developers.google.com/search/docs/appearance/video?hl=en,Help Google find your videos | Ensure your videos can be indexed | Use a supported video file type | Use stable URLs | Create a dedicated watch page for each video | Using third-party embedded players | Which URL is which? | Provide a high-quality video thumbnail | Provide consistent and unique information in your structured data | Enable specific video features | Video previews | Key moments | Live Badge | Allow Google to fetch your video files | Remove or restrict your videos | Remove a video | Restrict a video based on the user's location | Optimize for SafeSearch | Monitor video watch pages with Search Console | Troubleshoot video issues | Get support | Resources | Tools,https://developers.google.com/search/docs/appearance/video?hl=en,
appearance,core,200,"An illustration of how a video result looks in Google Search with callouts for the attribution, title link, upload date, and video thumbnail visual elements",Visual Elements gallery of Google Search,,https://developers.google.com/search/docs/appearance/visual-elements-gallery?hl=en,Anatomy of a Google Search results page | Attribution | Favicon | Site name | Visible URL | Domain | Breadcrumb | Text result | Title link | Snippet | Byline date | Sitelinks group | Sitelink | Text result image | Rich attributes | Image result | Image thumbnail | Video result | Video thumbnail | Upload date | Exploration features | Related searches group | Related questions group | Get support | Resources | Tools,https://developers.google.com/search/docs/appearance/visual-elements-gallery?hl=en,
appearance,conditional,200,Google,Web Story Content Policies on Google,,https://developers.google.com/search/docs/appearance/web-stories-content-policy?hl=en,Copyrighted content | Text-heavy Web Stories | Low quality assets | Lack of narrative | Incomplete stories | Overly commercial | Get support | Resources | Tools,https://developers.google.com/search/docs/appearance/web-stories-content-policy?hl=en,
appearance,conditional,200,Google,Best practices for creating Web Stories,,https://developers.google.com/search/docs/appearance/web-stories-creation-best-practices?hl=en,Storytelling | More storytelling best practices | Design | More design best practices | SEO | More SEO best practices | Technical | More technical best practices | Other resources | Get support | Resources | Tools,https://developers.google.com/search/docs/appearance/web-stories-creation-best-practices?hl=en,
appearance,core,200,Google,Overview of Search appearance topics,,https://developers.google.com/search/docs/appearance?hl=en,Using structured data | Features that use structured data | Early Adopters Program | Get support | Resources | Tools,https://developers.google.com/search/docs/appearance?hl=en,
crawling-indexing,core,200,Google,Redirects and Google Search,,https://developers.google.com/search/docs/crawling-indexing/301-redirects?hl=en,Overview of redirect types | Server-side redirects | Permanent server-side redirects | Temporary server-side redirects | Implement server-side redirects | meta refresh and its HTTP equivalent | JavaScript location redirects | Crypto redirects | Alternate versions of a URL | Get support | Resources | Tools,https://developers.google.com/search/docs/crawling-indexing/301-redirects?hl=en,
crawling-indexing,conditional,200,Google,Enhance AMP content in Google Search,,https://developers.google.com/search/docs/crawling-indexing/amp/enhance-amp?hl=en,Create a basic AMP page | Create an AMP page using a CMS | Optimize for rich results | Monitor and improve your pages | Practice with codelabs | Resources | Get support | Tools,https://developers.google.com/search/docs/crawling-indexing/amp/enhance-amp?hl=en,
crawling-indexing,conditional,200,Google,Remove your AMP pages from Google Search,,https://developers.google.com/search/docs/crawling-indexing/amp/remove-amp?hl=en,"Remove all versions of AMP content, including AMP and non-AMP | Remove only AMP pages, while preserving the canonical non-AMP pages | Remove AMP and non-AMP pages with a CMS | Delete a single page | Remove all AMP pages | Get support | Resources | Tools",https://developers.google.com/search/docs/crawling-indexing/amp/remove-amp?hl=en,
crawling-indexing,conditional,200,Google,Validate your AMP content,,https://developers.google.com/search/docs/crawling-indexing/amp/validate-amp?hl=en,Fix common AMP errors | Resources | Get support | Tools,https://developers.google.com/search/docs/crawling-indexing/amp/validate-amp?hl=en,
crawling-indexing,conditional,200,Google,About AMP on Google Search,,https://developers.google.com/search/docs/crawling-indexing/amp?hl=en,How AMP pages can appear in Search results | Guidelines for AMP pages on Google Search | Additional AMP topics | FAQs | Are AMP pages mobile-only? | How does AMP look on desktop? | Get support | Resources | Tools,https://developers.google.com/search/docs/crawling-indexing/amp?hl=en,
crawling-indexing,core,200,Google,Ask Google to recrawl your URLs,,https://developers.google.com/search/docs/crawling-indexing/ask-google-to-recrawl?hl=en,Use the URL Inspection tool (just a few URLs) | Submit a sitemap (many URLs at once) | Get support | Resources | Tools,https://developers.google.com/search/docs/crawling-indexing/ask-google-to-recrawl?hl=en,
crawling-indexing,core,200,Google,Block Search indexing with noindex,,https://developers.google.com/search/docs/crawling-indexing/block-indexing?hl=en,Implementing noindex | <meta> tag | HTTP response header | Debugging noindex issues | Get support | Resources | Tools,https://developers.google.com/search/docs/crawling-indexing/block-indexing?hl=en,
crawling-indexing,core,200,Google,Fix canonicalization issues,,https://developers.google.com/search/docs/crawling-indexing/canonicalization-troubleshooting?hl=en,Common canonicalization issues | Language variants without localized annotations | Incorrect canonical elements | Misconfigured servers | Malicious hacking | Syndicated content | A copycat website | Get support | Resources | Tools,https://developers.google.com/search/docs/crawling-indexing/canonicalization-troubleshooting?hl=en,
crawling-indexing,core,200,Google,What is canonicalization,,https://developers.google.com/search/docs/crawling-indexing/canonicalization?hl=en,How Google indexes and chooses the canonical URL | Get support | Resources | Tools,https://developers.google.com/search/docs/crawling-indexing/canonicalization?hl=en,
crawling-indexing,core,200,Google,"How to specify a canonical URL with rel=""canonical"" and other methods",,https://developers.google.com/search/docs/crawling-indexing/consolidate-duplicate-urls?hl=en,"Reasons to specify a canonical URL | Best practices | Comparison of canonicalization methods | Use rel=""canonical"" link annotations | The rel=""canonical"" link element | The rel=""canonical"" HTTP header | Use a sitemap | Use redirects | Other signals | Prefer HTTPS over HTTP for canonical URLs | Prefer URLs in hreflang clusters | Get support | Resources | Tools",https://developers.google.com/search/docs/crawling-indexing/consolidate-duplicate-urls?hl=en,
crawling-indexing,core,200,Google,Control what you share with Google,,https://developers.google.com/search/docs/crawling-indexing/control-what-you-share?hl=en,How to block content | Remove the content from your site | Password-protect your files | Disallow crawling with robots.txt | Remove existing content from Google | Get support | Resources | Tools,https://developers.google.com/search/docs/crawling-indexing/control-what-you-share?hl=en,
crawling-indexing,core,200,Google,Googlebot,,https://developers.google.com/search/docs/crawling-indexing/googlebot?hl=en,How Googlebot accesses your site | Blocking Googlebot from visiting your site | Verifying Googlebot | Get support | Resources | Tools,https://developers.google.com/search/docs/crawling-indexing/googlebot?hl=en,
crawling-indexing,core,200,Google,File types indexable by Google,,https://developers.google.com/search/docs/crawling-indexing/indexable-file-types?hl=en,Supported flat file types | Supported encoded file types | Supported media formats | Search by file type | Get support | Resources | Tools,https://developers.google.com/search/docs/crawling-indexing/indexable-file-types?hl=en,
crawling-indexing,core,200,Google,Dynamic rendering as a workaround,,https://developers.google.com/search/docs/crawling-indexing/javascript/dynamic-rendering?hl=en,Sites that might use dynamic rendering | Understand how dynamic rendering works | Dynamic rendering is not cloaking | Get support | Resources | Tools,https://developers.google.com/search/docs/crawling-indexing/javascript/dynamic-rendering?hl=en,
crawling-indexing,core,200,Google,Fix Search-related JavaScript problems,,https://developers.google.com/search/docs/crawling-indexing/javascript/fix-search-javascript?hl=en,Get support | Resources | Tools,https://developers.google.com/search/docs/crawling-indexing/javascript/fix-search-javascript?hl=en,
crawling-indexing,core,200,Google,Understand the JavaScript SEO basics,,https://developers.google.com/search/docs/crawling-indexing/javascript/javascript-seo-basics?hl=en,"How Google processes JavaScript | Describe your page with unique titles and snippets | Set the canonical URL | Write compatible code | Use meaningful HTTP status codes | Avoid soft 404 errors in single-page apps | Use the History API instead of fragments | Properly inject the rel=""canonical"" link tag | Use robots meta tags carefully | Use long-lived caching | Use structured data | Follow best practices for web components | Fix images and lazy-loaded content | Get support | Resources | Tools",https://developers.google.com/search/docs/crawling-indexing/javascript/javascript-seo-basics?hl=en,
crawling-indexing,core,200,Google,Fix lazy-loaded content,,https://developers.google.com/search/docs/crawling-indexing/javascript/lazy-loading?hl=en,Load content when it's visible in the viewport | Support paginated loading for infinite scroll | Test | Get support | Resources | Tools,https://developers.google.com/search/docs/crawling-indexing/javascript/lazy-loading?hl=en,
crawling-indexing,core,200,Google,Keep redacted information out of Google Search,,https://developers.google.com/search/docs/crawling-indexing/keep-redacted-information-out?hl=en,Edit and export images before embedding them | Edit or remove unwanted text before moving to a public file format | What to do if unredacted or improperly redacted documents are indexed in Search | Get support | Resources | Tools,https://developers.google.com/search/docs/crawling-indexing/keep-redacted-information-out?hl=en,
crawling-indexing,core,200,Google,Link best practices for Google,,https://developers.google.com/search/docs/crawling-indexing/links-crawlable?hl=en,Make your links crawlable | Anchor text placement | Write good anchor text | Internal links: cross-reference your own content | External links: link to other sites | Get support | Resources | Tools,https://developers.google.com/search/docs/crawling-indexing/links-crawlable?hl=en,
crawling-indexing,core,200,Google,Mobile site and mobile-first indexing best practices,,https://developers.google.com/search/docs/crawling-indexing/mobile/mobile-sites-mobile-first-indexing?hl=en,Create a mobile-friendly site | Make sure that Google can access and render your content | Make sure that content is the same on desktop and mobile | Check your structured data | Put the same metadata on both versions of your site | Check the placement of your ads | Check visual content | Check your images | Check your videos | Additional best practices for separate URLs | Mobile | Desktop | Troubleshooting | Missing structured data | noindex tag on pages | Missing image | Blocked image | Low quality image | Missing alt text | Missing page title | Missing meta description | Mobile URL is an error page | Mobile URL has anchor fragment | Mobile page blocked by robots.txt | Duplicate mobile page target | Desktop site redirects to the mobile home page | Page quality issues | Video issues | Hostload issues | Get support | Resources | Tools,https://developers.google.com/search/docs/crawling-indexing/mobile/mobile-sites-mobile-first-indexing?hl=en,
crawling-indexing,conditional,200,Google,Temporarily pause or disable a website,,https://developers.google.com/search/docs/crawling-indexing/pause-online-business?hl=en,Limit your site's functionality (recommended) | Not recommended: Disable the whole website | Best practices for disabling a site | FAQs | What if I only close the site for a few weeks? | What if I want to exclude all non-essential products? | Can I ask Google to crawl less while my site is temporarily closed? | How do I get a page indexed or updated quickly? | What if I block a specific region from accessing my site? | Should I use the Removals Tool to remove out-of-stock products? | Get support | Resources | Tools,https://developers.google.com/search/docs/crawling-indexing/pause-online-business?hl=en,
crawling-indexing,conditional,200,Google,Remove images hosted on your site from search results,,https://developers.google.com/search/docs/crawling-indexing/prevent-images-on-your-page?hl=en,For emergency image removal | For non-emergency image removal | Remove images using robots.txt rules | Remove images with the noindex X-Robots-Tag HTTP header | How do I remove images from properties that I don't own? | Get support | Resources | Tools,https://developers.google.com/search/docs/crawling-indexing/prevent-images-on-your-page?hl=en,
crawling-indexing,core,200,Google,Qualify your outbound links to Google,,https://developers.google.com/search/docs/crawling-indexing/qualify-outbound-links?hl=en,"rel=""sponsored"" | rel=""ugc"" | rel=""nofollow"" | Multiple values | Get support | Resources | Tools",https://developers.google.com/search/docs/crawling-indexing/qualify-outbound-links?hl=en,
crawling-indexing,core,200,Google,Remove a page hosted on your site from Google,,https://developers.google.com/search/docs/crawling-indexing/remove-information?hl=en,Make your removal permanent | Remove an image from search results | Remove information from other Google properties | How do I remove content from a site that I don't own? | Get support | Resources | Tools,https://developers.google.com/search/docs/crawling-indexing/remove-information?hl=en,
crawling-indexing,core,200,Google,"Robots meta tag, data-nosnippet , and X-Robots-Tag specifications",,https://developers.google.com/search/docs/crawling-indexing/robots-meta-tag?hl=en,Using the robots meta tag | Using the X-Robots-Tag HTTP header | Valid indexing and serving rules | all | noindex | nofollow | none | nosnippet | indexifembedded | max-snippet: [number] | max-image-preview: [setting] | max-video-preview: [number] | notranslate | noimageindex | unavailable_after: [date/time] | Reference of historical and other unused rules | noarchive | nocache | nositelinkssearchbox | Handling combined indexing and serving rules | Comma-separated list | Multiple meta tags | Using the data-nosnippet HTML attribute | Using structured data | Practical implementation of X-Robots-Tag | Apache | NGINX | Combining robots.txt rules with indexing and serving rules | Get support | Resources | Tools,https://developers.google.com/search/docs/crawling-indexing/robots-meta-tag?hl=en,
crawling-indexing,core,200,Google,Introduction to robots.txt,,https://developers.google.com/search/docs/crawling-indexing/robots/intro?hl=en,What is a robots.txt file used for? | Understand the limitations of a robots.txt file | Create or update a robots.txt file | Get support | Resources | Tools,https://developers.google.com/search/docs/crawling-indexing/robots/intro?hl=en,
crawling-indexing,core,200,Google,Changing your hosting,,https://developers.google.com/search/docs/crawling-indexing/site-move-no-url-changes?hl=en,Overview | Prepare the new hosting infrastructure | Copy and test your new site | Check that Googlebot is able to access the new hosting infrastructure | Lower the TTL value for your DNS records | Review Search Console verification | Start the move | Monitor traffic | A note about Googlebot's crawl rate | Shut down old hosting | Get support | Resources | Tools,https://developers.google.com/search/docs/crawling-indexing/site-move-no-url-changes?hl=en,
crawling-indexing,core,200,Google,How to move a site,,https://developers.google.com/search/docs/crawling-indexing/site-move-with-url-changes?hl=en,Overview | General best practices for site moves | Prepare the new site | Prepare URL mapping | Determine your old URLs | Create a mapping of old to new URLs | Update all URL details on the new site | Plan your redirect strategy | Start the site move | Update links | Monitor traffic | Use Search Console to monitor traffic | Use other tools to monitor traffic | More resources | Troubleshooting your site move | noindex or robots.txt blocks | Incorrect redirects | Other crawl errors | Insufficient server capacity | Not updating sitemaps | Get support | Resources | Tools,https://developers.google.com/search/docs/crawling-indexing/site-move-with-url-changes?hl=en,
crawling-indexing,core,200,Google,Build and submit a sitemap,,https://developers.google.com/search/docs/crawling-indexing/sitemaps/build-sitemap?hl=en,"Sitemap best practices | XML sitemap | Additional notes about XML sitemaps | RSS, mRSS, and Atom 1.0 | Additional notes about RSS, mRSS, and Atom 1.0 | Text sitemap | Additional notes for text file sitemaps | How to create a sitemap | Let your CMS generate a sitemap for you | Manually create a sitemap | Automatically generate a sitemap with tools | Submit your sitemap to Google | How to cross-submit sitemaps for multiple sites | Sitemap cross-submission with Search Console | Sitemap cross-submission with robots.txt | Troubleshooting sitemaps | Get support | Resources | Tools",https://developers.google.com/search/docs/crawling-indexing/sitemaps/build-sitemap?hl=en,
crawling-indexing,core,200,Google,How to combine sitemap extensions,,https://developers.google.com/search/docs/crawling-indexing/sitemaps/combine-sitemap-extensions?hl=en,Namespaces | Declaring multiple namespaces | Combining sitemap extensions | Troubleshooting sitemaps | Get support | Resources | Tools,https://developers.google.com/search/docs/crawling-indexing/sitemaps/combine-sitemap-extensions?hl=en,
crawling-indexing,core,200,Google,Image sitemaps,,https://developers.google.com/search/docs/crawling-indexing/sitemaps/image-sitemaps?hl=en,Example image sitemap | Image sitemap reference | Deprecated tags and attributes | Troubleshooting sitemaps | Additional resources | Get support | Resources | Tools,https://developers.google.com/search/docs/crawling-indexing/sitemaps/image-sitemaps?hl=en,
crawling-indexing,core,200,Google,Manage your sitemaps with a sitemap index file,,https://developers.google.com/search/docs/crawling-indexing/sitemaps/large-sitemaps?hl=en,Sitemap index best practices | Example sitemap index | Sitemap index reference | Troubleshooting sitemaps | Additional resources | Get support | Resources | Tools,https://developers.google.com/search/docs/crawling-indexing/sitemaps/large-sitemaps?hl=en,
crawling-indexing,core,200,Google,News sitemaps,,https://developers.google.com/search/docs/crawling-indexing/sitemaps/news-sitemap?hl=en,News sitemap best practices | Example news sitemap | News sitemap reference | Troubleshooting sitemaps | Additional resources | Get support | Resources | Tools,https://developers.google.com/search/docs/crawling-indexing/sitemaps/news-sitemap?hl=en,
crawling-indexing,core,200,Google,Learn about sitemaps,,https://developers.google.com/search/docs/crawling-indexing/sitemaps/overview?hl=en,Do I need a sitemap? | Build a sitemap | Get support | Resources | Tools,https://developers.google.com/search/docs/crawling-indexing/sitemaps/overview?hl=en,
crawling-indexing,core,200,Google,Video sitemaps and alternatives,,https://developers.google.com/search/docs/crawling-indexing/sitemaps/video-sitemaps?hl=en,Video sitemap best practices | Example video sitemap | Video sitemap reference | Deprecated tags and attributes | Sitemap alternative: mRSS | mRSS Example | mRSS reference | Troubleshooting sitemaps | Additional resources | Get support | Resources | Tools,https://developers.google.com/search/docs/crawling-indexing/sitemaps/video-sitemaps?hl=en,
crawling-indexing,core,200,Google,meta tags and attributes that Google supports,,https://developers.google.com/search/docs/crawling-indexing/special-tags?hl=en,meta tags | description | robots and googlebot | notranslate | nopagereadaloud | google-site-verification | Content-Type and charset | refresh | viewport | rating | HTML tag attributes | Other points to note | Unsupported tags and attributes | nositelinkssearchbox | Get support | Resources | Tools,https://developers.google.com/search/docs/crawling-indexing/special-tags?hl=en,
crawling-indexing,core,200,Google,Troubleshoot Google Search crawling errors,,https://developers.google.com/search/docs/crawling-indexing/troubleshoot-crawling-errors?hl=en,"See if Googlebot is encountering availability issues on your site | See if any parts of your site are not crawled, but should be | See if updates are crawled quickly enough | Improve your site's crawl efficiency | Increase your page loading speed | Specify content changes with HTTP status codes | Hide URLs that you don't want in search results | soft 404 errors | Handle overcrawling of your site (emergencies) | Get support | Resources | Tools",https://developers.google.com/search/docs/crawling-indexing/troubleshoot-crawling-errors?hl=en,
crawling-indexing,core,200,Google,URL structure best practices for Google Search,,https://developers.google.com/search/docs/crawling-indexing/url-structure?hl=en,Requirements for a crawlable URL structure | Follow IETF STD 66 | Don't use URL fragments to change content | Use a common encoding for URL parameters | Make it easy to understand your URL structure | Use descriptive URLs | Use your audience's language | Use percent encoding as necessary | Use hyphens to separate words | Use as few parameters as you can | Be aware that URLs are case sensitive | For multi-regional sites | Avoid common issues related to URLs | Additive filtering of a set of items | Irrelevant parameters | Calendar issues | Broken relative links | Fixing crawling-related URL structure problems | Get support | Resources | Tools,https://developers.google.com/search/docs/crawling-indexing/url-structure?hl=en,
crawling-indexing,core,200,Google,Use valid HTML to specify page metadata,,https://developers.google.com/search/docs/crawling-indexing/valid-page-metadata?hl=en,Use valid elements in the <head> element | Don't use invalid elements in the <head> element | Get support | Resources | Tools,https://developers.google.com/search/docs/crawling-indexing/valid-page-metadata?hl=en,
crawling-indexing,core,200,Google,Minimize A/B testing impact in Google Search,,https://developers.google.com/search/docs/crawling-indexing/website-testing?hl=en,"Overview of testing | Best practices when testing | Don't cloak your test pages | Use rel=""canonical"" links | Use 302 redirects, not 301 redirects | Run the experiment only as long as necessary | More information about testing | Get support | Resources | Tools",https://developers.google.com/search/docs/crawling-indexing/website-testing?hl=en,
crawling-indexing,core,200,Google,Overview of crawling and indexing topics,,https://developers.google.com/search/docs/crawling-indexing?hl=en,Get support | Resources | Tools,https://developers.google.com/search/docs/crawling-indexing?hl=en,
essentials,core,200,Google,Spam policies for Google web search,,https://developers.google.com/search/docs/essentials/spam-policies?hl=en,Cloaking | Doorway abuse | Expired domain abuse | Hacked content | Hidden text and link abuse | Keyword stuffing | Link spam | Machine-generated traffic | Malicious practices | Misleading functionality | Scaled content abuse | Scraping | Site reputation abuse | Sneaky redirects | Thin affiliation | User-generated spam | Other practices that can lead to demotion or removal | Legal removals | Personal information removals | Policy circumvention | Scam and fraud | Get support | Resources | Tools,https://developers.google.com/search/docs/essentials/spam-policies?hl=en,
essentials,core,200,Google,Google Search technical requirements,,https://developers.google.com/search/docs/essentials/technical?hl=en,Googlebot isn't blocked (it can find and access the page) | Check if Googlebot can find and access your page | The page works (it's not an error page) | The page has indexable content | Get support | Resources | Tools,https://developers.google.com/search/docs/essentials/technical?hl=en,
essentials,core,200,Google,Google Search Essentials,,https://developers.google.com/search/docs/essentials?hl=en,Technical requirements | Spam policies | Key best practices | Get support | Resources | Tools,https://developers.google.com/search/docs/essentials?hl=en,
fundamentals,core,200,Google,Optimizing your website for generative AI features on Google Search,,https://developers.google.com/search/docs/fundamentals/ai-optimization-guide?hl=en,"Is SEO still relevant for generative AI search? | Apply foundational SEO best practices to generative AI search | Create valuable, non-commodity content for your audience | Build and maintain a clear technical structure | Optimize your local business and ecommerce details | Mythbusting generative AI search: what you don't need to do | Measure visibility in generative AI features with Search Console | Explore agentic experiences | Next steps: what to focus on | Stay informed and ask questions | Get support | Resources | Tools",https://developers.google.com/search/docs/fundamentals/ai-optimization-guide?hl=en,
fundamentals,core,200,Google,"Creating helpful, reliable, people-first content",,https://developers.google.com/search/docs/fundamentals/creating-helpful-content?hl=en,"Self-assess your content | Content and quality questions | Expertise questions | Provide a great page experience | Focus on people-first content | Avoid creating search engine-first content | What about SEO? Isn't that search engine-first? | Get to know E-E-A-T and the quality rater guidelines | Ask ""Who, How, and Why"" about your content | Who (created the content) | How (the content was created) | Why (was the content created) | Get support | Resources | Tools",https://developers.google.com/search/docs/fundamentals/creating-helpful-content?hl=en,
fundamentals,core,200,Google,Do you need an SEO?,,https://developers.google.com/search/docs/fundamentals/do-i-need-seo?hl=en,Deciding on whether you need an SEO | Things to consider when hiring an SEO | Reporting issues | Get support | Resources | Tools,https://developers.google.com/search/docs/fundamentals/do-i-need-seo?hl=en,
fundamentals,core,200,Google,Get your website on Google,,https://developers.google.com/search/docs/fundamentals/get-on-google?hl=en,Basic checklist for appearing in Google Search results | Is your website showing up on Google? | Do you serve high-quality content to users? | Is your local business showing up on Google? | Is your content fast and easy to access on all devices? | Is your website secure? | Do you need additional help? | Is your content about a specialized topic? | Get support | Resources | Tools,https://developers.google.com/search/docs/fundamentals/get-on-google?hl=en,
fundamentals,core,200,Google,Get started with Search: a developer's guide,,https://developers.google.com/search/docs/fundamentals/get-started-developers?hl=en,Find out how Google sees your site | Check your links | Check how you're using JavaScript | Keep Google updated when content changes | Don't forget about the words on the page | Tell Google about other versions of your content | Control what content Google sees | Enable rich results for your site | Get support | Resources | Tools,https://developers.google.com/search/docs/fundamentals/get-started-developers?hl=en,
fundamentals,core,200,Google,Maintaining your website's SEO,,https://developers.google.com/search/docs/fundamentals/get-started?hl=en,Control how Google crawls and indexes your site | Duplicate content | Resources | Robots.txt | Sitemaps | Internationalized or multi-lingual sites | Migrating a page or a site | Follow crawling and indexing best practices | Help Google understand your site | Follow our guidelines | Content-specific guidelines | Manage the user experience | Mobile considerations | Control your search appearance | Using Search Console | Get support | Tools,https://developers.google.com/search/docs/fundamentals/get-started?hl=en,
fundamentals,core,200,Google,In-depth guide to how Google Search works,,https://developers.google.com/search/docs/fundamentals/how-search-works?hl=en,A few notes before we get started | Introducing the three stages of Google Search | Crawling | Indexing | Serving search results | Get support | Resources | Tools,https://developers.google.com/search/docs/fundamentals/how-search-works?hl=en,
fundamentals,core,200,"An illustration of a text result in Google Search, with a highlighted box around the snippet part",Search Engine Optimization (SEO) Starter Guide,,https://developers.google.com/search/docs/fundamentals/seo-starter-guide?hl=en,"How does Google Search work? | How long until I see impact in search results? | Help Google find your content | Check if Google can see your page the same way a user does | Don't want a page in Google's search results? | Organize your site | Use descriptive URLs | Group topically similar pages in directories | Reduce duplicate content | Make your site interesting and useful | Expect your readers' search terms | Avoid distracting advertisements | Link to relevant resources | Influence how your site looks in Google Search | Influence your title links | Control your snippets | Add images to your site, and optimize them | Add high-quality images near relevant text | Add descriptive alt text to the image | Optimize your videos | Promote your website | Things we believe you shouldn't focus on | Next steps | Stay informed and ask questions | Get support | Resources | Tools",https://developers.google.com/search/docs/fundamentals/seo-starter-guide?hl=en,
fundamentals,core,200,Google,"Google Search's guidance on using third-party SEO tools, services, and advice",,https://developers.google.com/search/docs/fundamentals/third-party-seo?hl=en,Evaluate and verify external SEO advice against official Google guidelines | Think critically about using third-party SEO tools and services | Get support | Resources | Tools,https://developers.google.com/search/docs/fundamentals/third-party-seo?hl=en,
fundamentals,core,200,Google,Google Search's guidance on using generative AI content on your website,,https://developers.google.com/search/docs/fundamentals/using-gen-ai-content?hl=en,"Focus on accuracy, quality, and relevance | Give users context | Get support | Resources | Tools",https://developers.google.com/search/docs/fundamentals/using-gen-ai-content?hl=en,
monitor-debug,core,200,Google,Analyze your social and video platform content performance in Search Console,,https://developers.google.com/search/docs/monitor-debug/analyze-social-video-content?hl=en,Get started with Search Console | What data and reports you'll get access to | Spot trending search queries for your content | Check for trending content with the 24-hour filter | Understand and compare different types of content | Compare playlists | Compare formats | Compare data across platforms | Optimize your content strategy | Get support | Resources | Tools,https://developers.google.com/search/docs/monitor-debug/analyze-social-video-content?hl=en,
monitor-debug,core,200,Google,Improving SEO with a Search Console bubble chart,,https://developers.google.com/search/docs/monitor-debug/bubble-chart-analysis?hl=en,Understanding the chart | Data source | Filters and data controls | Axes | Bubbles | Analyzing the data | Improving SEO for specific queries | Get support | Resources | Tools,https://developers.google.com/search/docs/monitor-debug/bubble-chart-analysis?hl=en,
monitor-debug,core,200,Sketches showing traffic drop graphs and their potential causes,Debugging drops in Google Search traffic,,https://developers.google.com/search/docs/monitor-debug/debugging-search-traffic-drops?hl=en,Main causes for drops in organic Search traffic | Algorithmic update | Small drop in position | Large drop in position | Technical issues | Security issues | Spam issues | Seasonality and changing interests | Site moves and migrations | Analyze your Search traffic drop pattern | Change the date range to include 16 months | Compare the drop period to a similar period | Analyze different search types separately | Monitor your average position in search results | Look for patterns in the pages affected | Investigate overall trends in your industry | Get support | Resources | Tools,https://developers.google.com/search/docs/monitor-debug/debugging-search-traffic-drops?hl=en,
monitor-debug,core,200,Google,Using Search Console and Google Analytics data for SEO,,https://developers.google.com/search/docs/monitor-debug/google-analytics-search-console?hl=en,About Google Analytics and Search Console | Comparing data in Google Analytics and Search Console | Monitor your Google organic search traffic in Looker Studio | Set up the dashboard | Understanding the dashboard | Investigate more deeply in Google Analytics and Search Console | Understanding data discrepancies between Google Analytics and Search Console | Main reasons for a big discrepancy in clicks and sessions | Resources for using Search Console and Google Analytics together | Get support | Resources | Tools,https://developers.google.com/search/docs/monitor-debug/google-analytics-search-console?hl=en,
monitor-debug,core,200,Google,Prevent user-generated spam on your site and platform,,https://developers.google.com/search/docs/monitor-debug/prevent-abuse?hl=en,Tell users that you don't allow spam on your service | Identify spammy accounts | Use manual approval for suspicious user interactions | Use a blocklist to prevent repetitive spamming attempts | Block automated account creation | Monitor your service for abuse | Get support | Resources | Tools,https://developers.google.com/search/docs/monitor-debug/prevent-abuse?hl=en,
monitor-debug,core,200,Google,Get started with Search Console,,https://developers.google.com/search/docs/monitor-debug/search-console-start?hl=en,"Helpful reports for SEO specialists, digital marketers, and site administrators | Helpful reports for web developers | Get support | Resources | Tools",https://developers.google.com/search/docs/monitor-debug/search-console-start?hl=en,
monitor-debug,core,200,Google,site: search operator,,https://developers.google.com/search/docs/monitor-debug/search-operators/all-search-site?hl=en,Uses for site owners | Limitations | Get support | Resources | Tools,https://developers.google.com/search/docs/monitor-debug/search-operators/all-search-site?hl=en,
monitor-debug,core,200,Google,Google Images search operators,,https://developers.google.com/search/docs/monitor-debug/search-operators/image-search?hl=en,src: search operator | imagesize: search operator | Limitations | Get support | Resources | Tools,https://developers.google.com/search/docs/monitor-debug/search-operators/image-search?hl=en,
monitor-debug,core,200,Google,Overview of Google search operators,,https://developers.google.com/search/docs/monitor-debug/search-operators?hl=en,filetype: | imagesize: | site: | src: | Get support | Resources | Tools,https://developers.google.com/search/docs/monitor-debug/search-operators?hl=en,
monitor-debug,core,200,Google,Malware and unwanted software,,https://developers.google.com/search/docs/monitor-debug/security/malware?hl=en,What is malware? | What is unwanted software? | Fixing the problem | Guidelines | Don't misrepresent yourself | Software guidelines | Chrome extension guidelines | Mobile application guidelines | Get support | Resources | Tools,https://developers.google.com/search/docs/monitor-debug/security/malware?hl=en,
monitor-debug,core,200,Google,Preventing malware infection,,https://developers.google.com/search/docs/monitor-debug/security/prevent-malware?hl=en,Monitoring your site health | Security checklist | All website owners | Website owners with server access | Get support | Resources | Tools,https://developers.google.com/search/docs/monitor-debug/security/prevent-malware?hl=en,
monitor-debug,core,200,Google,Google Safe Browsing Repeat Offenders Policy,,https://developers.google.com/search/docs/monitor-debug/security/safe-browsing-repeat-offenders?hl=en,Get support | Resources | Tools,https://developers.google.com/search/docs/monitor-debug/security/safe-browsing-repeat-offenders?hl=en,
monitor-debug,core,200,Google,Social engineering (phishing and deceptive sites),,https://developers.google.com/search/docs/monitor-debug/security/social-engineering?hl=en,What is social engineering? | Social engineering in embedded content | But I don't engage in social engineering! | Examples of social engineering violations | Deceptive content examples | Deceptive ad examples | Fixing the problem | Third-party service guidelines | Get support | Resources | Tools,https://developers.google.com/search/docs/monitor-debug/security/social-engineering?hl=en,
monitor-debug,core,200,Google,Preventing and monitoring abuse on your site,,https://developers.google.com/search/docs/monitor-debug/security?hl=en,Get support | Resources | Tools,https://developers.google.com/search/docs/monitor-debug/security?hl=en,
monitor-debug,core,200,Google,Get started with Google Trends,,https://developers.google.com/search/docs/monitor-debug/trends-start?hl=en,About Google Trends | Monitoring rising trends | General trends | Specific trends | Performing keyword research | Creating a content calendar | Benchmarking against your industry | Analyzing brand awareness and sentiment | Get support | Resources | Tools,https://developers.google.com/search/docs/monitor-debug/trends-start?hl=en,
overview,core,200,Google,,,https://developers.google.com/search/docs?hl=en,Explore Google Search documentation to improve your site's SEO | What is SEO? | SEO Starter Guide | Improve how your site appears on Google | Monitor your performance with Search Console | Spot something weird? Send us feedback | Get support | Resources | Tools,https://developers.google.com/search/docs?hl=en,
specialty,conditional,200,Google,Designing a URL structure for ecommerce websites,,https://developers.google.com/search/docs/specialty/ecommerce/designing-a-url-structure-for-ecommerce-sites?hl=en,Why URL structure matters | Good URL structure design best practices | General URL recommendations | URL query parameter recommendations | How Google understands URLs for product variants | Using URLs in your content | Additional resources | Get support | Resources | Tools,https://developers.google.com/search/docs/specialty/ecommerce/designing-a-url-structure-for-ecommerce-sites?hl=en,
specialty,conditional,200,Google,Help Google understand your ecommerce website structure,,https://developers.google.com/search/docs/specialty/ecommerce/help-google-understand-your-ecommerce-site-structure?hl=en,Make your ecommerce site navigation Google crawler friendly | Promote your best categories or products | Get support | Resources | Tools,https://developers.google.com/search/docs/specialty/ecommerce/help-google-understand-your-ecommerce-site-structure?hl=en,
specialty,conditional,200,Google,How to launch a new ecommerce website,,https://developers.google.com/search/docs/specialty/ecommerce/how-to-launch-an-ecommerce-website?hl=en,Grand reveal | Home page launch | Launch without product availability | Soft Launch | Get support | Resources | Tools,https://developers.google.com/search/docs/specialty/ecommerce/how-to-launch-an-ecommerce-website?hl=en,
specialty,conditional,200,Google,Include structured data relevant to ecommerce,,https://developers.google.com/search/docs/specialty/ecommerce/include-structured-data-relevant-to-ecommerce?hl=en,Get support | Resources | Tools,https://developers.google.com/search/docs/specialty/ecommerce/include-structured-data-relevant-to-ecommerce?hl=en,
specialty,conditional,200,Google,"Pagination, incremental page loading, and their impact on Google Search",,https://developers.google.com/search/docs/specialty/ecommerce/pagination-and-incremental-page-loading?hl=en,Selecting the best UX pattern for your site | How Google indexes the different strategies | Best practices when implementing pagination | Link pages sequentially | Use URLs correctly | Avoid indexing URLs with filters or alternative sort orders | Get support | Resources | Tools,https://developers.google.com/search/docs/specialty/ecommerce/pagination-and-incremental-page-loading?hl=en,
specialty,conditional,200,Google,Share your product data with Google,,https://developers.google.com/search/docs/specialty/ecommerce/share-your-product-data-with-google?hl=en,Add product structured data to web pages | Upload data to Google Merchant Center | How Google uses structured data and Google Merchant Center data | Resolving update delay issues | Get support | Resources | Tools,https://developers.google.com/search/docs/specialty/ecommerce/share-your-product-data-with-google?hl=en,
specialty,conditional,200,Google,Where ecommerce content can appear on Google,,https://developers.google.com/search/docs/specialty/ecommerce/where-ecommerce-data-can-appear-on-google?hl=en,Create ecommerce content to meet differing customer needs | Get support | Resources | Tools,https://developers.google.com/search/docs/specialty/ecommerce/where-ecommerce-data-can-appear-on-google?hl=en,
specialty,conditional,200,Google,Write high quality reviews,,https://developers.google.com/search/docs/specialty/ecommerce/write-high-quality-reviews?hl=en,Get support | Resources | Tools,https://developers.google.com/search/docs/specialty/ecommerce/write-high-quality-reviews?hl=en,
specialty,conditional,200,Google,Best practices for ecommerce sites in Google Search,,https://developers.google.com/search/docs/specialty/ecommerce?hl=en,Get support | Resources | Tools,https://developers.google.com/search/docs/specialty/ecommerce?hl=en,
specialty,conditional,200,Google,Guidelines for sites with explicit content,,https://developers.google.com/search/docs/specialty/explicit/guidelines?hl=en,How Google handles explicit content in Search results | How SafeSearch works | How Google handles sites with a significant amount of removals of violative sexually explicit content | Best practices | Prevent user-generated harmful content on your platform | Allow Google to fetch your video content files | Allow Googlebot to crawl without age gate | Group explicit pages in a separate domain or subdomain | Mark specific pages as explicit with metadata | Get support | Resources | Tools,https://developers.google.com/search/docs/specialty/explicit/guidelines?hl=en,
specialty,conditional,200,Google,What to do if your site is incorrectly flagged as explicit in Google Search results,,https://developers.google.com/search/docs/specialty/explicit/troubleshooting?hl=en,Determine if SafeSearch is filtering your website | Resolve common mistakes | Adding the adult rating meta tag to content that's not sexually explicit | Labeling videos that aren't explicit as not family_friendly in your video sitemap | Allowing all UGC comments without content moderation | Restricting Googlebot with an age gate | Not separating explicit pages from non-explicit pages | Troubleshooting | Get support | Resources | Tools,https://developers.google.com/search/docs/specialty/explicit/troubleshooting?hl=en,
specialty,conditional,200,Google,How Google crawls locale-adaptive pages,,https://developers.google.com/search/docs/specialty/international/locale-adaptive-pages?hl=en,Geo-distributed crawling | Other considerations | Get support | Resources | Tools,https://developers.google.com/search/docs/specialty/international/locale-adaptive-pages?hl=en,
specialty,conditional,200,Google,Tell Google about localized versions of your page,,https://developers.google.com/search/docs/specialty/international/localized-versions?hl=en,Methods for indicating your alternate pages | Guidelines for all methods | HTML tags | HTTP Headers | Sitemap | Supported language and region codes | Use the x-default value for unmatched languages | Troubleshooting | Common Mistakes | Debugging hreflang errors | Get support | Resources | Tools,https://developers.google.com/search/docs/specialty/international/localized-versions?hl=en,
specialty,conditional,200,Google,Managing multi-regional and multilingual sites,,https://developers.google.com/search/docs/specialty/international/managing-multi-regional-sites?hl=en,What's the difference between multilingual and multi-regional? | Managing multilingual versions of your site | Use different URLs for different language versions | Tell Google about your different language versions | Make sure the page language is obvious | Let the user switch the page language | Use language-specific URLs | Targeting site content to a specific country (geotargeting) | Using locale-specific URLs | How does Google determine a target locale? | Handling duplicate pages with multilingual/multi-regional sites | Generic top-level domains | Get support | Resources | Tools,https://developers.google.com/search/docs/specialty/international/managing-multi-regional-sites?hl=en,
specialty,conditional,200,Google,Overview of international and multilingual site topics,,https://developers.google.com/search/docs/specialty/international?hl=en,Get support | Resources | Tools,https://developers.google.com/search/docs/specialty/international?hl=en,
